Workbook

Sheet Leads
A1: City | B1: CLU File No | C1: Applicant | D1: Village / Location | E1: Activity | F1: Category | G1: Area (sq m) | H1: Area (acres) | I1: Sanction Date | J1: Year | K1: Priority Score | L1: Priority Band | M1: Map (GIS) | N1: Status | O1: Owner / Contact | P1: Phone / Email | Q1: Next Step | R1: Notes
A2: Ambala | B2: CLU/AA-860A | C2: AJAY SAREEN & ANU SAREEN | D2: Mohra | E2: Motel with Banquet facility | F2: Motel | G2: 2795.7 | H2: 0.6908319 | I2: 11/03/2026 | J2: 2026 | K2: =IF($F2="Hotel",5,IF($F2="Motel",4,IF($F2="Resort",4,IF($F2="Amusement",4,IF($F2="Banquet",3,2)))))+IF($H2>=4,2,IF($H2>=2,1,0))+IF(VALUE($J2)>=2024,2,IF(VALUE($J2)>=2021,1,0)) | L2: =IF($K2>=7,"High",IF($K2>=5,"Medium","Low")) | M2: Map View | N2: New
A3: Ambala | B3: CLU/AA-806A | C3: CHANCHAL WADHAWAN | D3: Panjlass | E3: Hotel With Banquet facilities | F3: Hotel | G3: 4890.4 | H3: 1.2084431 | I3: 19/03/2025 | J3: 2025 | K3: =IF($F3="Hotel",5,IF($F3="Motel",4,IF($F3="Resort",4,IF($F3="Amusement",4,IF($F3="Banquet",3,2)))))+IF($H3>=4,2,IF($H3>=2,1,0))+IF(VALUE($J3)>=2024,2,IF(VALUE($J3)>=2021,1,0)) | L3: =IF($K3>=7,"High",IF($K3>=5,"Medium","Low")) | M3: Map View | N3: New
A4: Ambala | B4: CLU/AA-780A | C4: Ashwani | D4: Mohra | E4: Hotel With Banquet facilities | F4: Hotel | G4: 14119.7 | H4: 3.4890508 | I4: 18/10/2023 | J4: 2023 | K4: =IF($F4="Hotel",5,IF($F4="Motel",4,IF($F4="Resort",4,IF($F4="Amusement",4,IF($F4="Banquet",3,2)))))+IF($H4>=4,2,IF($H4>=2,1,0))+IF(VALUE($J4)>=2024,2,IF(VALUE($J4)>=2021,1,0)) | L4: =IF($K4>=7,"High",IF($K4>=5,"Medium","Low")) | M4: Map View | N4: Lead - verify | O4: UNVERIFIED: probable venue = Ambala Haveli, NH-44 GT Rd, village Mohra (restaurant+rooms+banquet, renovated 2020) | P4: info.ambalahaveli@gmail.com; +91 90505 66555; +91 90531 46555 | R4: Ownership link to applicant not published — confirm by phone. Src: Booking/Facebook
A5: Ambala | B5: CLU/AA-764A | C5: Ms NeKi Ram & Sons | D5: Barnala | E5: Motel with Banquet facility | F5: Motel | G5: 8239.9 | H5: 2.0361218 | I5: 06/07/2023 | J5: 2023 | K5: =IF($F5="Hotel",5,IF($F5="Motel",4,IF($F5="Resort",4,IF($F5="Amusement",4,IF($F5="Banquet",3,2)))))+IF($H5>=4,2,IF($H5>=2,1,0))+IF(VALUE($J5)>=2024,2,IF(VALUE($J5)>=2021,1,0)) | L5: =IF($K5>=7,"High",IF($K5>=5,"Medium","Low")) | M5: Map View | N5: New
A6: Ambala | B6: CLU/AA-751A | C6: LALIT KUMAR | D6: Laha | E6: Motel with Banquet facility | F6: Motel | G6: 7668.5 | H6: 1.8949259 | I6: 08/11/2023 | J6: 2023 | K6: =IF($F6="Hotel",5,IF($F6="Motel",4,IF($F6="Resort",4,IF($F6="Amusement",4,IF($F6="Banquet",3,2)))))+IF($H6>=4,2,IF($H6>=2,1,0))+IF(VALUE($J6)>=2024,2,IF(VALUE($J6)>=2021,1,0)) | L6: =IF($K6>=7,"High",IF($K6>=5,"Medium","Low")) | M6: Map View | N6: New
A7: Ambala | B7: CLU/AA-723A | C7: Smt. Sneh Jain Wo Late Sh. Pawan K. Jain | D7: Khudda Kalan | E7: Farm house | F7: Farmhouse | G7: 25 | H7: 0.0061776291 | I7: 10/05/2021 | J7: 2021 | K7: =IF($F7="Hotel",5,IF($F7="Motel",4,IF($F7="Resort",4,IF($F7="Amusement",4,IF($F7="Banquet",3,2)))))+IF($H7>=4,2,IF($H7>=2,1,0))+IF(VALUE($J7)>=2024,2,IF(VALUE($J7)>=2021,1,0)) | L7: =IF($K7>=7,"High",IF($K7>=5,"Medium","Low")) | M7: Map View | N7: New
A8: Ambala | B8: CLU/AA-674 | C8: Sh. Raminder Dang S/o Sh. Jagan Nath | D8: Village Khuda Kalan | E8: Banquet Hall | F8: Banquet | I8: 24/05/2019 | J8: 2019 | K8: =IF($F8="Hotel",5,IF($F8="Motel",4,IF($F8="Resort",4,IF($F8="Amusement",4,IF($F8="Banquet",3,2)))))+IF($H8>=4,2,IF($H8>=2,1,0))+IF(VALUE($J8)>=2024,2,IF(VALUE($J8)>=2021,1,0)) | L8: =IF($K8>=7,"High",IF($K8>=5,"Medium","Low")) | M8: Map View | N8: New
A9: Ambala | B9: CLU/AA-657 | C9: Sh. Hartej Singh S/o Sh. Twinderjit Singh & others | D9: Ambala Cantt. | E9: Amusement Park/ Restaurant | F9: Amusement | I9: 19/04/2018 | J9: 2018 | K9: =IF($F9="Hotel",5,IF($F9="Motel",4,IF($F9="Resort",4,IF($F9="Amusement",4,IF($F9="Banquet",3,2)))))+IF($H9>=4,2,IF($H9>=2,1,0))+IF(VALUE($J9)>=2024,2,IF(VALUE($J9)>=2021,1,0)) | L9: =IF($K9>=7,"High",IF($K9>=5,"Medium","Low")) | M9: Map View | N9: New
A10: Ambala | B10: CLU/AA-618 | C10: Sh. Jasmer Singh, Sh. Parminder Singh, Sh. Gurdev Singh, Sh. Sukhchain Singh, Smt. Balwinder Kaur, Sh. Gagandeep Singh-Gurkirat Singh, Smt. Tejinder Kaur (Earlier in the name of Sh. Harbans Singh S/o Sh. Kartar Singh) | D10: Ambala | E10: Farmhouse | F10: Farmhouse | I10: 01/03/2017 | J10: 2017 | K10: =IF($F10="Hotel",5,IF($F10="Motel",4,IF($F10="Resort",4,IF($F10="Amusement",4,IF($F10="Banquet",3,2)))))+IF($H10>=4,2,IF($H10>=2,1,0))+IF(VALUE($J10)>=2024,2,IF(VALUE($J10)>=2021,1,0)) | L10: =IF($K10>=7,"High",IF($K10>=5,"Medium","Low")) | M10: Map View | N10: New
A11: Ambala | B11: CLU/AA-643 | C11: Sh. Naresh Kapoor S/o Sh. Madan Lal Kapoor C/o Kapoor Handloom Industries | D11: Ambala | E11: Banquet Hall | F11: Banquet | I11: 19/06/2017 | J11: 2017 | K11: =IF($F11="Hotel",5,IF($F11="Motel",4,IF($F11="Resort",4,IF($F11="Amusement",4,IF($F11="Banquet",3,2)))))+IF($H11>=4,2,IF($H11>=2,1,0))+IF(VALUE($J11)>=2024,2,IF(VALUE($J11)>=2021,1,0)) | L11: =IF($K11>=7,"High",IF($K11>=5,"Medium","Low")) | M11: Map View | N11: New
A12: Ambala | B12: CLU/AA-652 | C12: Sh. Hartej Singh S/o Sh. Inderjeet Singh, Sh. Tawinderjeet Singh S/o Sh. Daya Singh, Smt. Gurpreet Kaur W/o Sh. Tawinderjeet Singh | D12: Ambala | E12: Amusement Park and Food Court (Recreational Centre) | F12: Amusement | I12: 28/11/2017 | J12: 2017 | K12: =IF($F12="Hotel",5,IF($F12="Motel",4,IF($F12="Resort",4,IF($F12="Amusement",4,IF($F12="Banquet",3,2)))))+IF($H12>=4,2,IF($H12>=2,1,0))+IF(VALUE($J12)>=2024,2,IF(VALUE($J12)>=2021,1,0)) | L12: =IF($K12>=7,"High",IF($K12>=5,"Medium","Low")) | M12: Map View | N12: New
A13: Hisar | B13: CLU/HR-1368A | C13: Raj Kumar | D13: Satrod khas | E13: Hotel-cum-Resort | F13: Hotel | G13: 26810.2 | H13: 6.6249388 | I13: 13/04/2026 | J13: 2026 | K13: =IF($F13="Hotel",5,IF($F13="Motel",4,IF($F13="Resort",4,IF($F13="Amusement",4,IF($F13="Banquet",3,2)))))+IF($H13>=4,2,IF($H13>=2,1,0))+IF(VALUE($J13)>=2024,2,IF(VALUE($J13)>=2021,1,0)) | L13: =IF($K13>=7,"High",IF($K13>=5,"Medium","Low")) | M13: Map View | N13: New
A14: Hisar | B14: CLU/HR-1391A | C14: Ved Parkash And Smt. Aarti Sardana | D14: Kaimri | E14: Farm house | F14: Farmhouse | G14: 6045 | H14: 1.4937507 | I14: 03/07/2026 | J14: 2026 | K14: =IF($F14="Hotel",5,IF($F14="Motel",4,IF($F14="Resort",4,IF($F14="Amusement",4,IF($F14="Banquet",3,2)))))+IF($H14>=4,2,IF($H14>=2,1,0))+IF(VALUE($J14)>=2024,2,IF(VALUE($J14)>=2021,1,0)) | L14: =IF($K14>=7,"High",IF($K14>=5,"Medium","Low")) | M14: Map View | N14: New
A15: Hisar | B15: CLU/HR-1415A | C15: Om Pati Kusum Modi Seema Modi Renu Modi | D15: Mayar | E15: Hotel With Banquet facilities | F15: Hotel | G15: 5720.5 | H15: 1.4135651 | I15: 28/07/2026 | J15: 2026 | K15: =IF($F15="Hotel",5,IF($F15="Motel",4,IF($F15="Resort",4,IF($F15="Amusement",4,IF($F15="Banquet",3,2)))))+IF($H15>=4,2,IF($H15>=2,1,0))+IF(VALUE($J15)>=2024,2,IF(VALUE($J15)>=2021,1,0)) | L15: =IF($K15>=7,"High",IF($K15>=5,"Medium","Low")) | M15: Map View | N15: New
A16: Hisar | B16: CLU/HR-1398A | C16: veena rani and deepak kumar | D16: Prabhuwala | E16: Motel with Banquet facility | F16: Motel | G16: 2697.3 | H16: 0.66651676 | I16: 09/06/2026 | J16: 2026 | K16: =IF($F16="Hotel",5,IF($F16="Motel",4,IF($F16="Resort",4,IF($F16="Amusement",4,IF($F16="Banquet",3,2)))))+IF($H16>=4,2,IF($H16>=2,1,0))+IF(VALUE($J16)>=2024,2,IF(VALUE($J16)>=2021,1,0)) | L16: =IF($K16>=7,"High",IF($K16>=5,"Medium","Low")) | M16: Map View | N16: New
A17: Hisar | B17: CLU/HR-1388A | C17: Jagdish | D17: Gaibipur | E17: Motel with Banquet facility | F17: Motel | G17: 2018.6 | H17: 0.49880648 | I17: 05/03/2026 | J17: 2026 | K17: =IF($F17="Hotel",5,IF($F17="Motel",4,IF($F17="Resort",4,IF($F17="Amusement",4,IF($F17="Banquet",3,2)))))+IF($H17>=4,2,IF($H17>=2,1,0))+IF(VALUE($J17)>=2024,2,IF(VALUE($J17)>=2021,1,0)) | L17: =IF($K17>=7,"High",IF($K17>=5,"Medium","Low")) | M17: Map View | N17: New
A18: Hisar | B18: CLU/HR-1350A | C18: Anil Kumar | D18: Raipur | E18: Farm house | F18: Farmhouse | G18: 7309.6 | H18: 1.8062399 | I18: 01/10/2025 | J18: 2025 | K18: =IF($F18="Hotel",5,IF($F18="Motel",4,IF($F18="Resort",4,IF($F18="Amusement",4,IF($F18="Banquet",3,2)))))+IF($H18>=4,2,IF($H18>=2,1,0))+IF(VALUE($J18)>=2024,2,IF(VALUE($J18)>=2021,1,0)) | L18: =IF($K18>=7,"High",IF($K18>=5,"Medium","Low")) | M18: Map View | N18: New
A19: Hisar | B19: CLU/HR-1352A | C19: Parveen and Pormila | D19: Sarsod | E19: Hotel With Banquet facilities | F19: Hotel | G19: 6097 | H19: 1.5066002 | I19: 20/11/2025 | J19: 2025 | K19: =IF($F19="Hotel",5,IF($F19="Motel",4,IF($F19="Resort",4,IF($F19="Amusement",4,IF($F19="Banquet",3,2)))))+IF($H19>=4,2,IF($H19>=2,1,0))+IF(VALUE($J19)>=2024,2,IF(VALUE($J19)>=2021,1,0)) | L19: =IF($K19>=7,"High",IF($K19>=5,"Medium","Low")) | M19: Map View | N19: New
A20: Hisar | B20: CLU/HR-1309A | C20: Niti Garg & others | D20: Chickenwas | E20: Farm house | F20: Farmhouse | G20: 5674.2 | H20: 1.4021241 | I20: 21/04/2025 | J20: 2025 | K20: =IF($F20="Hotel",5,IF($F20="Motel",4,IF($F20="Resort",4,IF($F20="Amusement",4,IF($F20="Banquet",3,2)))))+IF($H20>=4,2,IF($H20>=2,1,0))+IF(VALUE($J20)>=2024,2,IF(VALUE($J20)>=2021,1,0)) | L20: =IF($K20>=7,"High",IF($K20>=5,"Medium","Low")) | M20: Map View | N20: New
A21: Hisar | B21: CLU/HR-1282A | C21: Sunil Kumar | D21: Mayar | E21: Motel with Banquet facility | F21: Motel | G21: 2001.3 | H21: 0.49453156 | I21: 10/11/2025 | J21: 2025 | K21: =IF($F21="Hotel",5,IF($F21="Motel",4,IF($F21="Resort",4,IF($F21="Amusement",4,IF($F21="Banquet",3,2)))))+IF($H21>=4,2,IF($H21>=2,1,0))+IF(VALUE($J21)>=2024,2,IF(VALUE($J21)>=2021,1,0)) | L21: =IF($K21>=7,"High",IF($K21>=5,"Medium","Low")) | M21: Map View | N21: New
A22: Hisar | B22: CLU/HR-1279A | C22: Uhsa Rani | D22: Barwala | E22: Motel with Banquet facility | F22: Motel | G22: 1998.1 | H22: 0.49374083 | I22: 10/03/2025 | J22: 2025 | K22: =IF($F22="Hotel",5,IF($F22="Motel",4,IF($F22="Resort",4,IF($F22="Amusement",4,IF($F22="Banquet",3,2)))))+IF($H22>=4,2,IF($H22>=2,1,0))+IF(VALUE($J22)>=2024,2,IF(VALUE($J22)>=2021,1,0)) | L22: =IF($K22>=7,"High",IF($K22>=5,"Medium","Low")) | M22: Map View | N22: New
A23: Hisar | B23: CLU/HR-1248A | C23: RAJPAL & SURENDER SONS OF SADHU RAM | D23: Quatabpur | E23: Motel without Banquet Facility | F23: Motel | G23: 6520.6 | H23: 1.6112739 | I23: 25/01/2024 | J23: 2024 | K23: =IF($F23="Hotel",5,IF($F23="Motel",4,IF($F23="Resort",4,IF($F23="Amusement",4,IF($F23="Banquet",3,2)))))+IF($H23>=4,2,IF($H23>=2,1,0))+IF(VALUE($J23)>=2024,2,IF(VALUE($J23)>=2021,1,0)) | L23: =IF($K23>=7,"High",IF($K23>=5,"Medium","Low")) | M23: Map View | N23: New
A24: Hisar | B24: CLU/HR-1260A | C24: SH SIDHARATH | D24: Narnaund | E24: Motel with Banquet facility | F24: Motel | G24: 5863.4 | H24: 1.4488764 | I24: 26/07/2024 | J24: 2024 | K24: =IF($F24="Hotel",5,IF($F24="Motel",4,IF($F24="Resort",4,IF($F24="Amusement",4,IF($F24="Banquet",3,2)))))+IF($H24>=4,2,IF($H24>=2,1,0))+IF(VALUE($J24)>=2024,2,IF(VALUE($J24)>=2021,1,0)) | L24: =IF($K24>=7,"High",IF($K24>=5,"Medium","Low")) | M24: Map View | N24: New
... A38: Hisar | B38: CLU/HR-954A | C38: Ramandeep Kaur | D38: Chickenwas | E38: Motel with Banquet facility | F38: Motel | G38: 2355.2 | H38: 0.58198208 | I38: 17/03/2022 | J38: 2022 | K38: =IF($F38="Hotel",5,IF($F38="Motel",4,IF($F38="Resort",4,IF($F38="Amusement",4,IF($F38="Banquet",3,2)))))+IF($H38>=4,2,IF($H38>=2,1,0))+IF(VALUE($J38)>=2024,2,IF(VALUE($J38)>=2021,1,0)) | L38: =IF($K38>=7,"High",IF($K38>=5,"Medium","Low")) | M38: Map View | N38: New
A39: Hisar | B39: CLU/HR-1155A | C39: GREEN VALLEY | D39: Quatabpur | E39: Motel with Banquet facility | F39: Motel | G39: 20198.3 | H39: 4.9911042 | I39: 06/12/2021 | J39: 2021 | K39: =IF($F39="Hotel",5,IF($F39="Motel",4,IF($F39="Resort",4,IF($F39="Amusement",4,IF($F39="Banquet",3,2)))))+IF($H39>=4,2,IF($H39>=2,1,0))+IF(VALUE($J39)>=2024,2,IF(VALUE($J39)>=2021,1,0)) | L39: =IF($K39>=7,"High",IF($K39>=5,"Medium","Low")) | M39: Map View | N39: Contact found | O39: Green Valley (regd. partnership, GSTIN 06AAWFG6114H1Z7), GT Rd Kutabpur, Hansi — operating leisure complex | P39: greenvalliewaterpark@gmail.com; +91 98121 57357; +91 77000 12262 | R39: Operating: Green Vallie Water Park (2025), Haldiram's, Levi's store, banquets on NH-9. Src: greenvalliewaterpark.com + LEI/GST
A40: Hisar | B40: CLU/HR-1134A | C40: Sh.Sajjan Gupta Sh.Sahil Goyal Etc. | D40: Quatabpur | E40: Motel with Banquet facility | F40: Motel | G40: 16843.7 | H40: 4.1621652 | I40: 25/06/2021 | J40: 2021 | K40: =IF($F40="Hotel",5,IF($F40="Motel",4,IF($F40="Resort",4,IF($F40="Amusement",4,IF($F40="Banquet",3,2)))))+IF($H40>=4,2,IF($H40>=2,1,0))+IF(VALUE($J40)>=2024,2,IF(VALUE($J40)>=2021,1,0)) | L40: =IF($K40>=7,"High",IF($K40>=5,"Medium","Low")) | M40: Map View | N40: New
A41: Hisar | B41: CLU/HR-831 | C41: Smt. Usha Kataria W/o Sh. Kewal Kumar Kataria | D41: Village Khedar | E41: Motel without Banquet Hall | F41: Motel | I41: 11/06/2019 | J41: 2019 | K41: =IF($F41="Hotel",5,IF($F41="Motel",4,IF($F41="Resort",4,IF($F41="Amusement",4,IF($F41="Banquet",3,2)))))+IF($H41>=4,2,IF($H41>=2,1,0))+IF(VALUE($J41)>=2024,2,IF(VALUE($J41)>=2021,1,0)) | L41: =IF($K41>=7,"High",IF($K41>=5,"Medium","Low")) | M41: Map View | N41: New
A42: Hisar | B42: CLU/HR-902 | C42: Smt. Hem Lata W/o Sh. Sunil | D42: Village Hansi | E42: Motel without Banquet Hall | F42: Motel | I42: 06/08/2019 | J42: 2019 | K42: =IF($F42="Hotel",5,IF($F42="Motel",4,IF($F42="Resort",4,IF($F42="Amusement",4,IF($F42="Banquet",3,2)))))+IF($H42>=4,2,IF($H42>=2,1,0))+IF(VALUE($J42)>=2024,2,IF(VALUE($J42)>=2021,1,0)) | L42: =IF($K42>=7,"High",IF($K42>=5,"Medium","Low")) | M42: Map View | N42: New
A43: Hisar | B43: CLU/HR-842 | C43: Smt. Sheela Devi W/o Sh. Rammehar | D43: Hansi | E43: Motel without Banquet Facility | F43: Motel | I43: 27/04/2018 | J43: 2018 | K43: =IF($F43="Hotel",5,IF($F43="Motel",4,IF($F43="Resort",4,IF($F43="Amusement",4,IF($F43="Banquet",3,2)))))+IF($H43>=4,2,IF($H43>=2,1,0))+IF(VALUE($J43)>=2024,2,IF(VALUE($J43)>=2021,1,0)) | L43: =IF($K43>=7,"High",IF($K43>=5,"Medium","Low")) | M43: Map View | N43: New
A44: Hisar | B44: CLU/HR-851 | C44: Ms. Bimla Devi D/o Sh. Surjan Dass | D44: Barwala | E44: Motel without Banquet Facility | F44: Motel | I44: 07/03/2018 | J44: 2018 | K44: =IF($F44="Hotel",5,IF($F44="Motel",4,IF($F44="Resort",4,IF($F44="Amusement",4,IF($F44="Banquet",3,2)))))+IF($H44>=4,2,IF($H44>=2,1,0))+IF(VALUE($J44)>=2024,2,IF(VALUE($J44)>=2021,1,0)) | L44: =IF($K44>=7,"High",IF($K44>=5,"Medium","Low")) | M44: Map View | N44: New
A45: Karnal | B45: CLU/KL-1369A | C45: RAJESH, RAJEEV, AMIT GOYAL | D45: Shamgarh | E45: Hotel With Banquet facilities | F45: Hotel | G45: 8566.06 | H45: 2.1167177 | I45: 02/03/2026 | J45: 2026 | K45: =IF($F45="Hotel",5,IF($F45="Motel",4,IF($F45="Resort",4,IF($F45="Amusement",4,IF($F45="Banquet",3,2)))))+IF($H45>=4,2,IF($H45>=2,1,0))+IF(VALUE($J45)>=2024,2,IF(VALUE($J45)>=2021,1,0)) | L45: =IF($K45>=7,"High",IF($K45>=5,"Medium","Low")) | M45: Map View | N45: New | R45: Shamgarh GT-Road belt (comparables: The Vivaan, Comfort Inn Taraori). No footprint — gatekeeper/DTCP-file ID.
A46: Karnal | B46: CLU/KL-1245A | C46: SMT. SUDESH RAWAL | D46: Barna | E46: Motel cum Restaurant | F46: Motel | G46: 6885.42 | H46: 1.7014228 | I46: 20/02/2026 | J46: 2026 | K46: =IF($F46="Hotel",5,IF($F46="Motel",4,IF($F46="Resort",4,IF($F46="Amusement",4,IF($F46="Banquet",3,2)))))+IF($H46>=4,2,IF($H46>=2,1,0))+IF(VALUE($J46)>=2024,2,IF(VALUE($J46)>=2021,1,0)) | L46: =IF($K46>=7,"High",IF($K46>=5,"Medium","Low")) | M46: Map View | N46: New
A47: Karnal | B47: CLU/KL-1392A | C47: Arpit Goyal and Sanchit Goyal | D47: Samana bahu | E47: Motel with Banquet facility | F47: Motel | G47: 4870.61 | H47: 1.2035529 | I47: 13/04/2026 | J47: 2026 | K47: =IF($F47="Hotel",5,IF($F47="Motel",4,IF($F47="Resort",4,IF($F47="Amusement",4,IF($F47="Banquet",3,2)))))+IF($H47>=4,2,IF($H47>=2,1,0))+IF(VALUE($J47)>=2024,2,IF(VALUE($J47)>=2021,1,0)) | L47: =IF($K47>=7,"High",IF($K47>=5,"Medium","Low")) | M47: Map View | N47: New
A48: Karnal | B48: CLU/KL-1400A | C48: Om Parkash | D48: Kond | E48: Non Star Hotel | F48: Hotel | G48: 4472.7 | H48: 1.1052273 | I48: 17/03/2026 | J48: 2026 | K48: =IF($F48="Hotel",5,IF($F48="Motel",4,IF($F48="Resort",4,IF($F48="Amusement",4,IF($F48="Banquet",3,2)))))+IF($H48>=4,2,IF($H48>=2,1,0))+IF(VALUE($J48)>=2024,2,IF(VALUE($J48)>=2021,1,0)) | L48: =IF($K48>=7,"High",IF($K48>=5,"Medium","Low")) | M48: Map View | N48: New
A49: Karnal | B49: CLU/KL-1324A | C49: DESHRAJ SON OF SADHU RAM | D49: Shamgarh | E49: Banquet Hall | F49: Banquet | G49: 24236.5 | H49: 5.9889643 | I49: 26/05/2025 | J49: 2025 | K49: =IF($F49="Hotel",5,IF($F49="Motel",4,IF($F49="Resort",4,IF($F49="Amusement",4,IF($F49="Banquet",3,2)))))+IF($H49>=4,2,IF($H49>=2,1,0))+IF(VALUE($J49)>=2024,2,IF(VALUE($J49)>=2021,1,0)) | L49: =IF($K49>=7,"High",IF($K49>=5,"Medium","Low")) | M49: Map View | N49: New
A50: Karnal | B50: CLU/KL-1263A | C50: SUKHVINDER KAUR | D50: SALARU | E50: Banquet Hall | F50: Banquet | G50: 8101.7 | H50: 2.0019719 | I50: 17/03/2025 | J50: 2025 | K50: =IF($F50="Hotel",5,IF($F50="Motel",4,IF($F50="Resort",4,IF($F50="Amusement",4,IF($F50="Banquet",3,2)))))+IF($H50>=4,2,IF($H50>=2,1,0))+IF(VALUE($J50)>=2024,2,IF(VALUE($J50)>=2021,1,0)) | L50: =IF($K50>=7,"High",IF($K50>=5,"Medium","Low")) | M50: Map View | N50: New
A51: Karnal | B51: CLU/KL-951C | C51: NARAIN DASS RAHEA | D51: Nawal | E51: Motel without Banquet Facility | F51: Motel | G51: 1214.05 | H51: 0.29999802 | I51: 03/05/2025 | J51: 2025 | K51: =IF($F51="Hotel",5,IF($F51="Motel",4,IF($F51="Resort",4,IF($F51="Amusement",4,IF($F51="Banquet",3,2)))))+IF($H51>=4,2,IF($H51>=2,1,0))+IF(VALUE($J51)>=2024,2,IF(VALUE($J51)>=2021,1,0)) | L51: =IF($K51>=7,"High",IF($K51>=5,"Medium","Low")) | M51: Map View | N51: New
A52: Karnal | B52: CLU/KL-1302A | C52: Deventure Hotels | D52: Basdhara | E52: Hotel With Banquet facilities | F52: Hotel | G52: 19967.7 | H52: 4.9341218 | I52: 28/10/2024 | J52: 2024 | K52: =IF($F52="Hotel",5,IF($F52="Motel",4,IF($F52="Resort",4,IF($F52="Amusement",4,IF($F52="Banquet",3,2)))))+IF($H52>=4,2,IF($H52>=2,1,0))+IF(VALUE($J52)>=2024,2,IF(VALUE($J52)>=2021,1,0)) | L52: =IF($K52>=7,"High",IF($K52>=5,"Medium","Low")) | M52: Map View | N52: Contact found | O52: Rajeev Mukul — Founder & MD, Deventure Hotel and Resorts P.L. (CIN U55101DL2010PTC205366) | P52: saleshead@deventurehotel.com; gm.karnal@deventurehotel.com; +91 93178 88989; 0184-3540400 | R52: Operating chain (Karnal NH-44, Shimla Hills, Delhi x2, Sarovar Portico Kapashera). Basdhara CLU = highway-resort expansion, unannounced. Src: deventurehotel.com + ZaubaCorp
A53: Karnal | B53: CLU/KL-1247A | C53: MANU CHAWLA | D53: Kurtail | E53: Banquet Hall | F53: Banquet | G53: 14540 | H53: 3.5929091 | I53: 28/06/2024 | J53: 2024 | K53: =IF($F53="Hotel",5,IF($F53="Motel",4,IF($F53="Resort",4,IF($F53="Amusement",4,IF($F53="Banquet",3,2)))))+IF($H53>=4,2,IF($H53>=2,1,0))+IF(VALUE($J53)>=2024,2,IF(VALUE($J53)>=2021,1,0)) | L53: =IF($K53>=7,"High",IF($K53>=5,"Medium","Low")) | M53: Map View | N53: New
A54: Karnal | B54: CLU/KL-1206A | C54: JAGATBIR SINGH SALAUJA | D54: Pipliwali | E54: Farm house | F54: Farmhouse | G54: 5842.6 | H54: 1.4437366 | I54: 28/06/2024 | J54: 2024 | K54: =IF($F54="Hotel",5,IF($F54="Motel",4,IF($F54="Resort",4,IF($F54="Amusement",4,IF($F54="Banquet",3,2)))))+IF($H54>=4,2,IF($H54>=2,1,0))+IF(VALUE($J54)>=2024,2,IF(VALUE($J54)>=2021,1,0)) | L54: =IF($K54>=7,"High",IF($K54>=5,"Medium","Low")) | M54: Map View | N54: New
A55: Karnal | B55: CLU/KL-825C | C55: Rupinder Pal Singh | D55: Samana bahu | E55: Hotel With Banquet facilities | F55: Hotel | G55: 2998.58 | H55: 0.7409646 | I55: 05/12/2023 | J55: 2023 | K55: =IF($F55="Hotel",5,IF($F55="Motel",4,IF($F55="Resort",4,IF($F55="Amusement",4,IF($F55="Banquet",3,2)))))+IF($H55>=4,2,IF($H55>=2,1,0))+IF(VALUE($J55)>=2024,2,IF(VALUE($J55)>=2021,1,0)) | L55: =IF($K55>=7,"High",IF($K55>=5,"Medium","Low")) | M55: Map View | N55: New
A56: Karnal | B56: CLU/KL-956B | C56: ANNU BANSAL | D56: Basdhara | E56: Banquet Hall | F56: Banquet | G56: 15180.9 | H56: 3.7512788 | I56: 19/04/2022 | J56: 2022 | K56: =IF($F56="Hotel",5,IF($F56="Motel",4,IF($F56="Resort",4,IF($F56="Amusement",4,IF($F56="Banquet",3,2)))))+IF($H56>=4,2,IF($H56>=2,1,0))+IF(VALUE($J56)>=2024,2,IF(VALUE($J56)>=2021,1,0)) | L56: =IF($K56>=7,"High",IF($K56>=5,"Medium","Low")) | M56: Map View | N56: New
A57: Karnal | B57: CLU/KL-1146A | C57: Brij Kumar Sharma and Vijay Sharma | D57: Nawal | E57: Banquet Hall | F57: Banquet | G57: 11014.9 | H57: 2.7218387 | I57: 01/12/2022 | J57: 2022 | K57: =IF($F57="Hotel",5,IF($F57="Motel",4,IF($F57="Resort",4,IF($F57="Amusement",4,IF($F57="Banquet",3,2)))))+IF($H57>=4,2,IF($H57>=2,1,0))+IF(VALUE($J57)>=2024,2,IF(VALUE($J57)>=2021,1,0)) | L57: =IF($K57>=7,"High",IF($K57>=5,"Medium","Low")) | M57: Map View | N57: New
A58: Karnal | B58: CLU/KL-1105A | C58: Vipin Mann Son of Sh. Bhagat Singh Mann | D58: Ghoghripur | E58: Banquet Hall | F58: Banquet | G58: 9611.3 | H58: 2.3750019 | I58: 28/03/2022 | J58: 2022 | K58: =IF($F58="Hotel",5,IF($F58="Motel",4,IF($F58="Resort",4,IF($F58="Amusement",4,IF($F58="Banquet",3,2)))))+IF($H58>=4,2,IF($H58>=2,1,0))+IF(VALUE($J58)>=2024,2,IF(VALUE($J58)>=2021,1,0)) | L58: =IF($K58>=7,"High",IF($K58>=5,"Medium","Low")) | M58: Map View | N58: New
A59: Karnal | B59: CLU/KL-1071A | C59: MS ROYAL ENCLAVE | D59: Khanda kheri | E59: Banquet Hall | F59: Banquet | G59: 12545.1 | H59: 3.099959 | I59: 09/10/2021 | J59: 2021 | K59: =IF($F59="Hotel",5,IF($F59="Motel",4,IF($F59="Resort",4,IF($F59="Amusement",4,IF($F59="Banquet",3,2)))))+IF($H59>=4,2,IF($H59>=2,1,0))+IF(VALUE($J59)>=2024,2,IF(VALUE($J59)>=2021,1,0)) | L59: =IF($K59>=7,"High",IF($K59>=5,"Medium","Low")) | M59: Map View | N59: New
A60: Karnal | B60: CLU/KL-945 | C60: Smt. Shalini Gupta W/o Sh. Sandeep Kumar | D60: Karnal | E60: Banquet Hall | F60: Banquet | I60: 19/03/2019 | J60: 2019 | K60: =IF($F60="Hotel",5,IF($F60="Motel",4,IF($F60="Resort",4,IF($F60="Amusement",4,IF($F60="Banquet",3,2)))))+IF($H60>=4,2,IF($H60>=2,1,0))+IF(VALUE($J60)>=2024,2,IF(VALUE($J60)>=2021,1,0)) | L60: =IF($K60>=7,"High",IF($K60>=5,"Medium","Low")) | M60: Map View | N60: New
A61: Karnal | B61: CLU/KL-916 | C61: S/Sh. Mahender Kumar, Anil Kumar Ss/o Sh. Ved Parkash, Smt. Santosh Rani W/o Sh. Mahender Kumar | D61: Assandh | E61: Motel without Banquet Facility | F61: Motel | I61: 01/05/2018 | J61: 2018 | K61: =IF($F61="Hotel",5,IF($F61="Motel",4,IF($F61="Resort",4,IF($F61="Amusement",4,IF($F61="Banquet",3,2)))))+IF($H61>=4,2,IF($H61>=2,1,0))+IF(VALUE($J61)>=2024,2,IF(VALUE($J61)>=2021,1,0)) | L61: =IF($K61>=7,"High",IF($K61>=5,"Medium","Low")) | M61: Map View | N61: New
A62: Karnal | B62: CLU/KL-876 | C62: Smt. Annu Bansal W/o Sh. Ajay Bansal | D62: Gharaunda | E62: Amusement Park | F62: Amusement | I62: 06/03/2017 | J62: 2017 | K62: =IF($F62="Hotel",5,IF($F62="Motel",4,IF($F62="Resort",4,IF($F62="Amusement",4,IF($F62="Banquet",3,2)))))+IF($H62>=4,2,IF($H62>=2,1,0))+IF(VALUE($J62)>=2024,2,IF(VALUE($J62)>=2021,1,0)) | L62: =IF($K62>=7,"High",IF($K62>=5,"Medium","Low")) | M62: Map View | N62: New
A63: Karnal | B63: CLU/KL-904 | C63: Sh. Surender Pal Singh S/o Sh. Dilip Singh | D63: Nilokheri-Taraori | E63: Amusement Park | F63: Amusement | I63: 29/11/2017 | J63: 2017 | K63: =IF($F63="Hotel",5,IF($F63="Motel",4,IF($F63="Resort",4,IF($F63="Amusement",4,IF($F63="Banquet",3,2)))))+IF($H63>=4,2,IF($H63>=2,1,0))+IF(VALUE($J63)>=2024,2,IF(VALUE($J63)>=2021,1,0)) | L63: =IF($K63>=7,"High",IF($K63>=5,"Medium","Low")) | M63: Map View | N63: New
A64: Kurukshetra | B64: CLU/KA-806A | C64: Ms Dayal rice and general miils | D64: Niwarsi | E64: Motel with Banquet facility | F64: Motel | G64: 10257.3 | H64: 2.5346318 | I64: 06/07/2026 | J64: 2026 | K64: =IF($F64="Hotel",5,IF($F64="Motel",4,IF($F64="Resort",4,IF($F64="Amusement",4,IF($F64="Banquet",3,2)))))+IF($H64>=4,2,IF($H64>=2,1,0))+IF(VALUE($J64)>=2024,2,IF(VALUE($J64)>=2021,1,0)) | L64: =IF($K64>=7,"High",IF($K64>=5,"Medium","Low")) | M64: Map View | N64: Lead - verify | O64: UNVERIFIED: only rice mill in village Niwarsi = Goel Rice Mills, Pipli Rd, Ladwa (est. 2019) — plausibly same family, different firm name | P64: sales@goelricemills.com; +91 89502 23456 | R64: Inference, not confirmation. Src: goelricemills.com
A65: Kurukshetra | B65: CLU/KA-805B | C65: DECENT INFRAHOMES LLP | D65: Samani | E65: Banquet Hall | F65: Banquet | G65: 6466.3 | H65: 1.5978561 | I65: 18/03/2026 | J65: 2026 | K65: =IF($F65="Hotel",5,IF($F65="Motel",4,IF($F65="Resort",4,IF($F65="Amusement",4,IF($F65="Banquet",3,2)))))+IF($H65>=4,2,IF($H65>=2,1,0))+IF(VALUE($J65)>=2024,2,IF(VALUE($J65)>=2021,1,0)) | L65: =IF($K65>=7,"High",IF($K65>=5,"Medium","Low")) | M65: Map View | N65: New
A66: Kurukshetra | B66: CLU/KA-760A | C66: RAJESH SHARMA AND ASHWANI KUMAR | D66: Samalkhi | E66: Motel cum Restaurant | F66: Motel | G66: 2172.4 | H66: 0.53681126 | I66: 20/05/2026 | J66: 2026 | K66: =IF($F66="Hotel",5,IF($F66="Motel",4,IF($F66="Resort",4,IF($F66="Amusement",4,IF($F66="Banquet",3,2)))))+IF($H66>=4,2,IF($H66>=2,1,0))+IF(VALUE($J66)>=2024,2,IF(VALUE($J66)>=2021,1,0)) | L66: =IF($K66>=7,"High",IF($K66>=5,"Medium","Low")) | M66: Map View | N66: New
A67: Kurukshetra | B67: CLU/KA-853A | C67: Baljeet Kaur | D67: MATHANA | E67: Motel cum Restaurant | F67: Motel | G67: 2057.6 | H67: 0.50844358 | I67: 23/04/2026 | J67: 2026 | K67: =IF($F67="Hotel",5,IF($F67="Motel",4,IF($F67="Resort",4,IF($F67="Amusement",4,IF($F67="Banquet",3,2)))))+IF($H67>=4,2,IF($H67>=2,1,0))+IF(VALUE($J67)>=2024,2,IF(VALUE($J67)>=2021,1,0)) | L67: =IF($K67>=7,"High",IF($K67>=5,"Medium","Low")) | M67: Map View | N67: New
A68: Kurukshetra | B68: CLU/KA-807A | C68: NISHA GOYAL WIFE OF ANKUSH GOYAL | D68: Lathi dhanaura | E68: Hotel With Banquet facilities | F68: Hotel | G68: 8995.3 | H68: 2.2227851 | I68: 31/01/2025 | J68: 2025 | K68: =IF($F68="Hotel",5,IF($F68="Motel",4,IF($F68="Resort",4,IF($F68="Amusement",4,IF($F68="Banquet",3,2)))))+IF($H68>=4,2,IF($H68>=2,1,0))+IF(VALUE($J68)>=2024,2,IF(VALUE($J68)>=2021,1,0)) | L68: =IF($K68>=7,"High",IF($K68>=5,"Medium","Low")) | M68: Map View | N68: New
A69: Kurukshetra | B69: CLU/KA-818A | C69: pankaj and others | D69: Sanwala | E69: Motel without Banquet Facility | F69: Motel | G69: 4644.52 | H69: 1.1476849 | I69: 08/08/2025 | J69: 2025 | K69: =IF($F69="Hotel",5,IF($F69="Motel",4,IF($F69="Resort",4,IF($F69="Amusement",4,IF($F69="Banquet",3,2)))))+IF($H69>=4,2,IF($H69>=2,1,0))+IF(VALUE($J69)>=2024,2,IF(VALUE($J69)>=2021,1,0)) | L69: =IF($K69>=7,"High",IF($K69>=5,"Medium","Low")) | M69: Map View | N69: New
A70: Kurukshetra | B70: CLU/KA-815A | C70: DALBIR SINGH AND SHAKUNTLA DEVI | D70: Ramgarh | E70: Hotel With Banquet facilities | F70: Hotel | G70: 1494.4 | H70: 0.36927396 | I70: 15/05/2025 | J70: 2025 | K70: =IF($F70="Hotel",5,IF($F70="Motel",4,IF($F70="Resort",4,IF($F70="Amusement",4,IF($F70="Banquet",3,2)))))+IF($H70>=4,2,IF($H70>=2,1,0))+IF(VALUE($J70)>=2024,2,IF(VALUE($J70)>=2021,1,0)) | L70: =IF($K70>=7,"High",IF($K70>=5,"Medium","Low")) | M70: Map View | N70: New
A71: Kurukshetra | B71: CLU/KA-805A | C71: DECENT INFRAHOMES | D71: Samani | E71: Banquet Hall | F71: Banquet | G71: 12766.61 | H71: 3.1546952 | I71: 19/12/2024 | J71: 2024 | K71: =IF($F71="Hotel",5,IF($F71="Motel",4,IF($F71="Resort",4,IF($F71="Amusement",4,IF($F71="Banquet",3,2)))))+IF($H71>=4,2,IF($H71>=2,1,0))+IF(VALUE($J71)>=2024,2,IF(VALUE($J71)>=2021,1,0)) | L71: =IF($K71>=7,"High",IF($K71>=5,"Medium","Low")) | M71: Map View | N71: New
A72: Kurukshetra | B72: CLU/KA-803A | C72: JNK Hospitality | D72: Khanpur kolia | E72: Motel | F72: Motel | G72: 4191.3 | H72: 1.0356919 | I72: 12/03/2024 | J72: 2024 | K72: =IF($F72="Hotel",5,IF($F72="Motel",4,IF($F72="Resort",4,IF($F72="Amusement",4,IF($F72="Banquet",3,2)))))+IF($H72>=4,2,IF($H72>=2,1,0))+IF(VALUE($J72)>=2024,2,IF(VALUE($J72)>=2021,1,0)) | L72: =IF($K72>=7,"High",IF($K72>=5,"Medium","Low")) | M72: Map View | N72: New
A73: Kurukshetra | B73: CLU/KA-796A | C73: DALBIR SINGH AND SHAKUNTLA DEVI | D73: Ramgarh | E73: Motel with Banquet facility | F73: Motel | G73: 3170.3 | H73: 0.7833975 | I73: 06/06/2024 | J73: 2024 | K73: =IF($F73="Hotel",5,IF($F73="Motel",4,IF($F73="Resort",4,IF($F73="Amusement",4,IF($F73="Banquet",3,2)))))+IF($H73>=4,2,IF($H73>=2,1,0))+IF(VALUE($J73)>=2024,2,IF(VALUE($J73)>=2021,1,0)) | L73: =IF($K73>=7,"High",IF($K73>=5,"Medium","Low")) | M73: Map View | N73: New
A74: Kurukshetra | B74: CLU/KA-749A | C74: VIPUL GUPTA AND PINKI GUPTA | D74: Khanpur kolia | E74: Amusement Park | F74: Amusement | G74: 11715.7 | H74: 2.89501 | I74: 19/01/2023 | J74: 2023 | K74: =IF($F74="Hotel",5,IF($F74="Motel",4,IF($F74="Resort",4,IF($F74="Amusement",4,IF($F74="Banquet",3,2)))))+IF($H74>=4,2,IF($H74>=2,1,0))+IF(VALUE($J74)>=2024,2,IF(VALUE($J74)>=2021,1,0)) | L74: =IF($K74>=7,"High",IF($K74>=5,"Medium","Low")) | M74: Map View | N74: New
A75: Kurukshetra | B75: CLU/KA-792A | C75: Sh. Yajvinder Lather & Sh. Vikram Lather | D75: Mohri | E75: Hotel With Banquet facilities | F75: Hotel | G75: 5856.1 | H75: 1.4470725 | I75: 18/12/2023 | J75: 2023 | K75: =IF($F75="Hotel",5,IF($F75="Motel",4,IF($F75="Resort",4,IF($F75="Amusement",4,IF($F75="Banquet",3,2)))))+IF($H75>=4,2,IF($H75>=2,1,0))+IF(VALUE($J75)>=2024,2,IF(VALUE($J75)>=2021,1,0)) | L75: =IF($K75>=7,"High",IF($K75>=5,"Medium","Low")) | M75: Map View | N75: New
A76: Kurukshetra | B76: CLU/KA-747A | C76: Veena Rani | D76: Khanpur kolia | E76: Motel cum Restaurant | F76: Motel | G76: 4722.6 | H76: 1.1669788 | I76: 27/01/2023 | J76: 2023 | K76: =IF($F76="Hotel",5,IF($F76="Motel",4,IF($F76="Resort",4,IF($F76="Amusement",4,IF($F76="Banquet",3,2)))))+IF($H76>=4,2,IF($H76>=2,1,0))+IF(VALUE($J76)>=2024,2,IF(VALUE($J76)>=2021,1,0)) | L76: =IF($K76>=7,"High",IF($K76>=5,"Medium","Low")) | M76: Map View | N76: New
... A78: Kurukshetra | B78: CLU/KA-759A | C78: Raman Gupta, Dhiraj Kumar, Gur Partap | D78: Mohri | E78: Motel with Banquet facility | F78: Motel | G78: 3935.8 | H78: 0.9725565 | I78: 21/08/2023 | J78: 2023 | K78: =IF($F78="Hotel",5,IF($F78="Motel",4,IF($F78="Resort",4,IF($F78="Amusement",4,IF($F78="Banquet",3,2)))))+IF($H78>=4,2,IF($H78>=2,1,0))+IF(VALUE($J78)>=2024,2,IF(VALUE($J78)>=2021,1,0)) | L78: =IF($K78>=7,"High",IF($K78>=5,"Medium","Low")) | M78: Map View | N78: New
A79: Kurukshetra | B79: CLU/KA-672 | C79: Deepak Goel S/o Siri Chand Goel | D79: Village Ban | E79: Motel without Banquet Hall | F79: Motel | I79: 11/07/2020 | J79: 2020 | K79: =IF($F79="Hotel",5,IF($F79="Motel",4,IF($F79="Resort",4,IF($F79="Amusement",4,IF($F79="Banquet",3,2)))))+IF($H79>=4,2,IF($H79>=2,1,0))+IF(VALUE($J79)>=2024,2,IF(VALUE($J79)>=2021,1,0)) | L79: =IF($K79>=7,"High",IF($K79>=5,"Medium","Low")) | M79: Map View | N79: New
A80: Kurukshetra | B80: CLU/KA-645 | C80: Sh. Sandeep Golan S/o Sh. Mehar Singh & others | D80: Thanesar | E80: Banquet Hall | F80: Banquet | I80: 06/03/2019 | J80: 2019 | K80: =IF($F80="Hotel",5,IF($F80="Motel",4,IF($F80="Resort",4,IF($F80="Amusement",4,IF($F80="Banquet",3,2)))))+IF($H80>=4,2,IF($H80>=2,1,0))+IF(VALUE($J80)>=2024,2,IF(VALUE($J80)>=2021,1,0)) | L80: =IF($K80>=7,"High",IF($K80>=5,"Medium","Low")) | M80: Map View | N80: New
A81: Kurukshetra | B81: CLU/KA-608 | C81: S/Sh. Jeet Singh, Bhajan Singh Ss/o Sh. Ram Singh & others | D81: Pehowa | E81: Farmhouse | F81: Farmhouse | I81: 14/03/2018 | J81: 2018 | K81: =IF($F81="Hotel",5,IF($F81="Motel",4,IF($F81="Resort",4,IF($F81="Amusement",4,IF($F81="Banquet",3,2)))))+IF($H81>=4,2,IF($H81>=2,1,0))+IF(VALUE($J81)>=2024,2,IF(VALUE($J81)>=2021,1,0)) | L81: =IF($K81>=7,"High",IF($K81>=5,"Medium","Low")) | M81: Map View | N81: New
A82: Kurukshetra | B82: CLU/KA-619 | C82: Smt. Angrezo Devi W/o Sh. Ranjeet Singh, Smt. Dhanpati W/o Raj Singh Through Sh. Ranjit Singh | D82: Kurukshetra | E82: Farmhouse | F82: Farmhouse | I82: 09/02/2018 | J82: 2018 | K82: =IF($F82="Hotel",5,IF($F82="Motel",4,IF($F82="Resort",4,IF($F82="Amusement",4,IF($F82="Banquet",3,2)))))+IF($H82>=4,2,IF($H82>=2,1,0))+IF(VALUE($J82)>=2024,2,IF(VALUE($J82)>=2021,1,0)) | L82: =IF($K82>=7,"High",IF($K82>=5,"Medium","Low")) | M82: Map View | N82: New
A83: Panipat | B83: CLU/PT-1390A | C83: SR 39 Engineers Pvt. Ltd. | D83: Karhansh | E83: Motel without Banquet Facility | F83: Motel | G83: 6045.2 | H83: 1.4938001 | I83: 16/01/2026 | J83: 2026 | K83: =IF($F83="Hotel",5,IF($F83="Motel",4,IF($F83="Resort",4,IF($F83="Amusement",4,IF($F83="Banquet",3,2)))))+IF($H83>=4,2,IF($H83>=2,1,0))+IF(VALUE($J83)>=2024,2,IF(VALUE($J83)>=2021,1,0)) | L83: =IF($K83>=7,"High",IF($K83>=5,"Medium","Low")) | M83: Map View | N83: New
A84: Panipat | B84: CLU/PT-1821A | C84: ANIL KUMAR and ANITA RANI | D84: Ganjbar | E84: Hotel With Banquet facilities | F84: Hotel | G84: 5370.2 | H84: 1.3270041 | I84: 12/01/2026 | J84: 2026 | K84: =IF($F84="Hotel",5,IF($F84="Motel",4,IF($F84="Resort",4,IF($F84="Amusement",4,IF($F84="Banquet",3,2)))))+IF($H84>=4,2,IF($H84>=2,1,0))+IF(VALUE($J84)>=2024,2,IF(VALUE($J84)>=2021,1,0)) | L84: =IF($K84>=7,"High",IF($K84>=5,"Medium","Low")) | M84: Map View | N84: New
A85: Panipat | B85: CLU/PT-1783A | C85: GUNJAN MEHNDIRATTA & SIDDHARTH JETHI | D85: Ganjbar | E85: Hotel With Banquet facilities | F85: Hotel | G85: 3245.1 | H85: 0.80188096 | I85: 08/04/2026 | J85: 2026 | K85: =IF($F85="Hotel",5,IF($F85="Motel",4,IF($F85="Resort",4,IF($F85="Amusement",4,IF($F85="Banquet",3,2)))))+IF($H85>=4,2,IF($H85>=2,1,0))+IF(VALUE($J85)>=2024,2,IF(VALUE($J85)>=2021,1,0)) | L85: =IF($K85>=7,"High",IF($K85>=5,"Medium","Low")) | M85: Map View | N85: New | R85: Ganjbar = NH-44 frontage 9 km S of Panipat — 3 hotel CLUs 2025-26 forming a new highway strip; all pre-construction. ID via DTCP file.
A86: Panipat | B86: CLU/PT-1692A | C86: JAVI HOME PRIVATE LIMITED, | D86: Jhattipur | E86: Hotel With Banquet facilities | F86: Hotel | G86: 10133.9 | H86: 2.504139 | I86: 30/04/2025 | J86: 2025 | K86: =IF($F86="Hotel",5,IF($F86="Motel",4,IF($F86="Resort",4,IF($F86="Amusement",4,IF($F86="Banquet",3,2)))))+IF($H86>=4,2,IF($H86>=2,1,0))+IF(VALUE($J86)>=2024,2,IF(VALUE($J86)>=2021,1,0)) | L86: =IF($K86>=7,"High",IF($K86>=5,"Medium","Low")) | M86: Map View | N86: Contact found | O86: Vibhor Jain — MD, Javi Home P.L. (Panipat home-textiles exporter, CIN U17120DL2010PTC210592; Neeti/Naman Jain co-directors) | P86: hello@javihome.com; WhatsApp +91 98965 44053 | R86: Textile-export family diversifying into hospitality; exports to 71+ countries. Src: javihome.com + TheCompanyCheck
A87: Panipat | B87: CLU/PT-1774A | C87: SMT MANJU GUPTA & RUCHI GUPTA | D87: Kabri | E87: Farm house | F87: Farmhouse | G87: 9682.27 | H87: 2.3925389 | I87: 19/09/2025 | J87: 2025 | K87: =IF($F87="Hotel",5,IF($F87="Motel",4,IF($F87="Resort",4,IF($F87="Amusement",4,IF($F87="Banquet",3,2)))))+IF($H87>=4,2,IF($H87>=2,1,0))+IF(VALUE($J87)>=2024,2,IF(VALUE($J87)>=2021,1,0)) | L87: =IF($K87>=7,"High",IF($K87>=5,"Medium","Low")) | M87: Map View | N87: New
A88: Panipat | B88: CLU/PT-1681A | C88: BHUPENDER SINGH | D88: Bhalsi | E88: Motel with Banquet facility | F88: Motel | G88: 8559.1 | H88: 2.1149978 | I88: 20/01/2025 | J88: 2025 | K88: =IF($F88="Hotel",5,IF($F88="Motel",4,IF($F88="Resort",4,IF($F88="Amusement",4,IF($F88="Banquet",3,2)))))+IF($H88>=4,2,IF($H88>=2,1,0))+IF(VALUE($J88)>=2024,2,IF(VALUE($J88)>=2021,1,0)) | L88: =IF($K88>=7,"High",IF($K88>=5,"Medium","Low")) | M88: Map View | N88: New
A89: Panipat | B89: CLU/PT-1617A | C89: PUSHP LATA GUPTA | D89: Chulkana | E89: Farm house | F89: Farmhouse | G89: 6171.4 | H89: 1.5249848 | I89: 15/04/2025 | J89: 2025 | K89: =IF($F89="Hotel",5,IF($F89="Motel",4,IF($F89="Resort",4,IF($F89="Amusement",4,IF($F89="Banquet",3,2)))))+IF($H89>=4,2,IF($H89>=2,1,0))+IF(VALUE($J89)>=2024,2,IF(VALUE($J89)>=2021,1,0)) | L89: =IF($K89>=7,"High",IF($K89>=5,"Medium","Low")) | M89: Map View | N89: New
A90: Panipat | B90: CLU/PT-1793A | C90: RAJ KUMAR | D90: Kiwana | E90: Farm house | F90: Farmhouse | G90: 4072.1 | H90: 1.0062369 | I90: 15/10/2025 | J90: 2025 | K90: =IF($F90="Hotel",5,IF($F90="Motel",4,IF($F90="Resort",4,IF($F90="Amusement",4,IF($F90="Banquet",3,2)))))+IF($H90>=4,2,IF($H90>=2,1,0))+IF(VALUE($J90)>=2024,2,IF(VALUE($J90)>=2021,1,0)) | L90: =IF($K90>=7,"High",IF($K90>=5,"Medium","Low")) | M90: Map View | N90: New
A91: Panipat | B91: CLU/PT-1734A | C91: OMPRAKSH AND NEELAM SACHDEVA | D91: Jhattipur | E91: Motel cum Restaurant | F91: Motel | G91: 4006.3 | H91: 0.98997741 | I91: 14/08/2025 | J91: 2025 | K91: =IF($F91="Hotel",5,IF($F91="Motel",4,IF($F91="Resort",4,IF($F91="Amusement",4,IF($F91="Banquet",3,2)))))+IF($H91>=4,2,IF($H91>=2,1,0))+IF(VALUE($J91)>=2024,2,IF(VALUE($J91)>=2021,1,0)) | L91: =IF($K91>=7,"High",IF($K91>=5,"Medium","Low")) | M91: Map View | N91: New
A92: Panipat | B92: CLU/PT-1780A | C92: Baljit Singh | D92: Ganjbar | E92: Hotel With Banquet facilities | F92: Hotel | G92: 3192 | H92: 0.78875968 | I92: 10/05/2025 | J92: 2025 | K92: =IF($F92="Hotel",5,IF($F92="Motel",4,IF($F92="Resort",4,IF($F92="Amusement",4,IF($F92="Banquet",3,2)))))+IF($H92>=4,2,IF($H92>=2,1,0))+IF(VALUE($J92)>=2024,2,IF(VALUE($J92)>=2021,1,0)) | L92: =IF($K92>=7,"High",IF($K92>=5,"Medium","Low")) | M92: Map View | N92: New
A93: Panipat | B93: CLU/PT-1615A | C93: Sh Dhiraj Son of Sh Jagpal | D93: Patti kalyana | E93: Farm house | F93: Farmhouse | G93: 8102.8 | H93: 2.0022437 | I93: 27/02/2024 | J93: 2024 | K93: =IF($F93="Hotel",5,IF($F93="Motel",4,IF($F93="Resort",4,IF($F93="Amusement",4,IF($F93="Banquet",3,2)))))+IF($H93>=4,2,IF($H93>=2,1,0))+IF(VALUE($J93)>=2024,2,IF(VALUE($J93)>=2021,1,0)) | L93: =IF($K93>=7,"High",IF($K93>=5,"Medium","Low")) | M93: Map View | N93: New
A94: Panipat | B94: CLU/PT-1729A | C94: SATBIR SINGH | D94: Patti kalyana | E94: Hotel With Banquet facilities | F94: Hotel | G94: 7537.2 | H94: 1.862481 | I94: 19/12/2024 | J94: 2024 | K94: =IF($F94="Hotel",5,IF($F94="Motel",4,IF($F94="Resort",4,IF($F94="Amusement",4,IF($F94="Banquet",3,2)))))+IF($H94>=4,2,IF($H94>=2,1,0))+IF(VALUE($J94)>=2024,2,IF(VALUE($J94)>=2021,1,0)) | L94: =IF($K94>=7,"High",IF($K94>=5,"Medium","Low")) | M94: Map View | N94: Lead - verify | O94: UNVERIFIED: possibly 'The Lagoon' hotel, Patti Kalyana NH-44 (opened recently, same village) | P94: +91 80595 55500 (The Lagoon front desk) | R94: New upscale hotel on exact village matches CLU timing; owner name not published. Verify by phone. Src: Tripadvisor/Booking
A95: Panipat | B95: CLU/PT-1625A | C95: Dinesh Jain | D95: Sewah | E95: Three Star Hotel | F95: Hotel | G95: 2776.4 | H95: 0.68606277 | I95: 20/02/2024 | J95: 2024 | K95: =IF($F95="Hotel",5,IF($F95="Motel",4,IF($F95="Resort",4,IF($F95="Amusement",4,IF($F95="Banquet",3,2)))))+IF($H95>=4,2,IF($H95>=2,1,0))+IF(VALUE($J95)>=2024,2,IF(VALUE($J95)>=2021,1,0)) | L95: =IF($K95>=7,"High",IF($K95>=5,"Medium","Low")) | M95: Map View | N95: New
A96: Panipat | B96: CLU/PT-1526B | C96: karandeep singh deswal | D96: Sarai kohand | E96: Amusement Park | F96: Amusement | G96: 1677 | H96: 0.41439536 | I96: 16/07/2024 | J96: 2024 | K96: =IF($F96="Hotel",5,IF($F96="Motel",4,IF($F96="Resort",4,IF($F96="Amusement",4,IF($F96="Banquet",3,2)))))+IF($H96>=4,2,IF($H96>=2,1,0))+IF(VALUE($J96)>=2024,2,IF(VALUE($J96)>=2021,1,0)) | L96: =IF($K96>=7,"High",IF($K96>=5,"Medium","Low")) | M96: Map View | N96: New
A97: Panipat | B97: CLU/PT-1555A | C97: Smt. ROSY GARG & Smt. NIDHI GARG | D97: Karhansh | E97: Banquet Hall | F97: Banquet | G97: 10425.9 | H97: 2.5762937 | I97: 01/04/2023 | J97: 2023 | K97: =IF($F97="Hotel",5,IF($F97="Motel",4,IF($F97="Resort",4,IF($F97="Amusement",4,IF($F97="Banquet",3,2)))))+IF($H97>=4,2,IF($H97>=2,1,0))+IF(VALUE($J97)>=2024,2,IF(VALUE($J97)>=2021,1,0)) | L97: =IF($K97>=7,"High",IF($K97>=5,"Medium","Low")) | M97: Map View | N97: New
A98: Panipat | B98: CLU/PT-1580A | C98: RAJPAL & RAJBIR SINGH | D98: Azizullapur | E98: Banquet Hall | F98: Banquet | G98: 10375.6 | H98: 2.5638643 | I98: 04/08/2023 | J98: 2023 | K98: =IF($F98="Hotel",5,IF($F98="Motel",4,IF($F98="Resort",4,IF($F98="Amusement",4,IF($F98="Banquet",3,2)))))+IF($H98>=4,2,IF($H98>=2,1,0))+IF(VALUE($J98)>=2024,2,IF(VALUE($J98)>=2021,1,0)) | L98: =IF($K98>=7,"High",IF($K98>=5,"Medium","Low")) | M98: Map View | N98: New
A99: Panipat | B99: CLU/PT-1511A | C99: ARUN & SHALINI | D99: Israna | E99: Banquet Hall | F99: Banquet | G99: 7420.6 | H99: 1.8336686 | I99: 08/05/2023 | J99: 2023 | K99: =IF($F99="Hotel",5,IF($F99="Motel",4,IF($F99="Resort",4,IF($F99="Amusement",4,IF($F99="Banquet",3,2)))))+IF($H99>=4,2,IF($H99>=2,1,0))+IF(VALUE($J99)>=2024,2,IF(VALUE($J99)>=2021,1,0)) | L99: =IF($K99>=7,"High",IF($K99>=5,"Medium","Low")) | M99: Map View | N99: New
A100: Panipat | B100: CLU/PT-1614A | C100: SMT. ROBINA WIFE OF SH. NAVEEN KUMAR | D100: Khotpura | E100: Farm house | F100: Farmhouse | G100: 6626.5 | H100: 1.6374424 | I100: 12/09/2023 | J100: 2023 | K100: =IF($F100="Hotel",5,IF($F100="Motel",4,IF($F100="Resort",4,IF($F100="Amusement",4,IF($F100="Banquet",3,2)))))+IF($H100>=4,2,IF($H100>=2,1,0))+IF(VALUE($J100)>=2024,2,IF(VALUE($J100)>=2021,1,0)) | L100: =IF($K100>=7,"High",IF($K100>=5,"Medium","Low")) | M100: Map View | N100: New
A101: Panipat | B101: CLU/PT-1583A | C101: SURESH BAJAJ AND GAYTRI BAJAJ | D101: Khukhrana | E101: Farm house | F101: Farmhouse | G101: 5196.7 | H101: 1.2841314 | I101: 06/07/2023 | J101: 2023 | K101: =IF($F101="Hotel",5,IF($F101="Motel",4,IF($F101="Resort",4,IF($F101="Amusement",4,IF($F101="Banquet",3,2)))))+IF($H101>=4,2,IF($H101>=2,1,0))+IF(VALUE($J101)>=2024,2,IF(VALUE($J101)>=2021,1,0)) | L101: =IF($K101>=7,"High",IF($K101>=5,"Medium","Low")) | M101: Map View | N101: New
A102: Panipat | B102: CLU/PT-1526A | C102: karandeep singh deswal | D102: Sarai kohand | E102: Entertainment cum mini amusement park | F102: Amusement | G102: 3975.6 | H102: 0.98239129 | I102: 06/03/2023 | J102: 2023 | K102: =IF($F102="Hotel",5,IF($F102="Motel",4,IF($F102="Resort",4,IF($F102="Amusement",4,IF($F102="Banquet",3,2)))))+IF($H102>=4,2,IF($H102>=2,1,0))+IF(VALUE($J102)>=2024,2,IF(VALUE($J102)>=2021,1,0)) | L102: =IF($K102>=7,"High",IF($K102>=5,"Medium","Low")) | M102: Map View | N102: New
A103: Panipat | B103: CLU/PT-1514A | C103: Hardeep Chhoker | D103: Passina kalan | E103: Farm house | F103: Farmhouse | G103: 6857.5 | H103: 1.6945237 | I103: 23/11/2022 | J103: 2022 | K103: =IF($F103="Hotel",5,IF($F103="Motel",4,IF($F103="Resort",4,IF($F103="Amusement",4,IF($F103="Banquet",3,2)))))+IF($H103>=4,2,IF($H103>=2,1,0))+IF(VALUE($J103)>=2024,2,IF(VALUE($J103)>=2021,1,0)) | L103: =IF($K103>=7,"High",IF($K103>=5,"Medium","Low")) | M103: Map View | N103: New
A104: Panipat | B104: CLU/PT-1368A | C104: RANI PALIWAL | D104: Faridpur | E104: Farm house | F104: Farmhouse | G104: 10015.8 | H104: 2.4749559 | I104: 25/08/2021 | J104: 2021 | K104: =IF($F104="Hotel",5,IF($F104="Motel",4,IF($F104="Resort",4,IF($F104="Amusement",4,IF($F104="Banquet",3,2)))))+IF($H104>=4,2,IF($H104>=2,1,0))+IF(VALUE($J104)>=2024,2,IF(VALUE($J104)>=2021,1,0)) | L104: =IF($K104>=7,"High",IF($K104>=5,"Medium","Low")) | M104: Map View | N104: New
A105: Panipat | B105: CLU/PT-819B | C105: S/Sh. Nishant & Ankush Ss/o Sh. Satpal Bansal, Smt. Geeta W/o Sh. Satpal Bansal | D105: ACA Samalkha | E105: changing project from Motel without Banquet Facility into Motel with Banquet | F105: Motel | I105: 09/03/2019 | J105: 2019 | K105: =IF($F105="Hotel",5,IF($F105="Motel",4,IF($F105="Resort",4,IF($F105="Amusement",4,IF($F105="Banquet",3,2)))))+IF($H105>=4,2,IF($H105>=2,1,0))+IF(VALUE($J105)>=2024,2,IF(VALUE($J105)>=2021,1,0)) | L105: =IF($K105>=7,"High",IF($K105>=5,"Medium","Low")) | M105: Map View | N105: New
A106: Panipat | B106: CLU/PT-822 | C106: Sh. Vijay Kumar S/o Sh. Baldev Raj & Smt. Nisha W/o Sh. Vijay Kumar | D106: Gharaunda | E106: Motel without Banquet Facility | F106: Motel | I106: 18/01/2018 | J106: 2018 | K106: =IF($F106="Hotel",5,IF($F106="Motel",4,IF($F106="Resort",4,IF($F106="Amusement",4,IF($F106="Banquet",3,2)))))+IF($H106>=4,2,IF($H106>=2,1,0))+IF(VALUE($J106)>=2024,2,IF(VALUE($J106)>=2021,1,0)) | L106: =IF($K106>=7,"High",IF($K106>=5,"Medium","Low")) | M106: Map View | N106: New
A107: Panipat | B107: CLU/PT-819 | C107: Smt. Geeta W/o Sh. Satpal, S/Sh. Nishant, Ankush Ss/o Sh. Satpal | D107: Samalkha | E107: Motel without Banquet facility | F107: Motel | I107: 01/06/2017 | J107: 2017 | K107: =IF($F107="Hotel",5,IF($F107="Motel",4,IF($F107="Resort",4,IF($F107="Amusement",4,IF($F107="Banquet",3,2)))))+IF($H107>=4,2,IF($H107>=2,1,0))+IF(VALUE($J107)>=2024,2,IF(VALUE($J107)>=2021,1,0)) | L107: =IF($K107>=7,"High",IF($K107>=5,"Medium","Low")) | M107: Map View | N107: New
A108: Rohtak | B108: CLU/RK-1222A | C108: LPSIS Pvt. Ltd. & Sohana Auto Pvt. Ltd. | D108: Gandhara | E108: Hotel-cum-Resort | F108: Hotel | G108: 21362.4 | H108: 5.2787593 | I108: 23/07/2025 | J108: 2025 | K108: =IF($F108="Hotel",5,IF($F108="Motel",4,IF($F108="Resort",4,IF($F108="Amusement",4,IF($F108="Banquet",3,2)))))+IF($H108>=4,2,IF($H108>=2,1,0))+IF(VALUE($J108)>=2024,2,IF(VALUE($J108)>=2021,1,0)) | L108: =IF($K108>=7,"High",IF($K108>=5,"Medium","Low")) | M108: Map View | N108: Contact found | O108: Rahul & Sandhya Jain — LPSIS P.L. (CIN U74900DL2011PTC225360), Universal Precision Screws group, Rohtak | P108: rfq@lpsis.co.in; 9729870604; 7496977882 | R108: Major Rohtak fastener manufacturer's family; NH-10 site. Co-licensee 'Sohana Auto P.L.' unresolved in MCA — verify spelling. Src: ZaubaCorp/lpsis.co.in
A109: Rohtak | B109: CLU/RK-1237A | C109: Satyanarayan S/o Harshe Ram | D109: Marondi rangran | E109: Amusement Park | F109: Amusement | G109: 11533.55 | H109: 2.8499998 | I109: 23/06/2025 | J109: 2025 | K109: =IF($F109="Hotel",5,IF($F109="Motel",4,IF($F109="Resort",4,IF($F109="Amusement",4,IF($F109="Banquet",3,2)))))+IF($H109>=4,2,IF($H109>=2,1,0))+IF(VALUE($J109)>=2024,2,IF(VALUE($J109)>=2021,1,0)) | L109: =IF($K109>=7,"High",IF($K109>=5,"Medium","Low")) | M109: Map View | N109: New
A110: Rohtak | B110: CLU/RK-1218A | C110: Balkishan Saini and Suber Singh Saini | D110: Lahli | E110: Farm house | F110: Farmhouse | G110: 9893.02 | H110: 2.4446163 | I110: 10/03/2025 | J110: 2025 | K110: =IF($F110="Hotel",5,IF($F110="Motel",4,IF($F110="Resort",4,IF($F110="Amusement",4,IF($F110="Banquet",3,2)))))+IF($H110>=4,2,IF($H110>=2,1,0))+IF(VALUE($J110)>=2024,2,IF(VALUE($J110)>=2021,1,0)) | L110: =IF($K110>=7,"High",IF($K110>=5,"Medium","Low")) | M110: Map View | N110: New
A111: Rohtak | B111: CLU/RK-1169A | C111: brij bhushan | D111: Kalanaur khurd | E111: Banquet Hall | F111: Banquet | G111: 5460.1 | H111: 1.3492189 | I111: 12/06/2025 | J111: 2025 | K111: =IF($F111="Hotel",5,IF($F111="Motel",4,IF($F111="Resort",4,IF($F111="Amusement",4,IF($F111="Banquet",3,2)))))+IF($H111>=4,2,IF($H111>=2,1,0))+IF(VALUE($J111)>=2024,2,IF(VALUE($J111)>=2021,1,0)) | L111: =IF($K111>=7,"High",IF($K111>=5,"Medium","Low")) | M111: Map View | N111: New
A112: Rohtak | B112: CLU/RK-1202A | C112: NARESH KUMAR | D112: Bhainsru kalan | E112: Farm house | F112: Farmhouse | G112: 5321.1 | H112: 1.3148713 | I112: 05/02/2025 | J112: 2025 | K112: =IF($F112="Hotel",5,IF($F112="Motel",4,IF($F112="Resort",4,IF($F112="Amusement",4,IF($F112="Banquet",3,2)))))+IF($H112>=4,2,IF($H112>=2,1,0))+IF(VALUE($J112)>=2024,2,IF(VALUE($J112)>=2021,1,0)) | L112: =IF($K112>=7,"High",IF($K112>=5,"Medium","Low")) | M112: Map View | N112: New
A113: Rohtak | B113: CLU/RK-1162A | C113: BALBIR | D113: Ismaila-11B | E113: Amusement Park | F113: Amusement | G113: 16221.6 | H113: 4.0084411 | I113: 15/10/2023 | J113: 2023 | K113: =IF($F113="Hotel",5,IF($F113="Motel",4,IF($F113="Resort",4,IF($F113="Amusement",4,IF($F113="Banquet",3,2)))))+IF($H113>=4,2,IF($H113>=2,1,0))+IF(VALUE($J113)>=2024,2,IF(VALUE($J113)>=2021,1,0)) | L113: =IF($K113>=7,"High",IF($K113>=5,"Medium","Low")) | M113: Map View | N113: New
A114: Rohtak | B114: CLU/RK-1086A | C114: Mr. Bhavesh | D114: Kehrawar | E114: Motel cum Restaurant | F114: Motel | G114: 8007.3 | H114: 1.9786452 | I114: 15/05/2023 | J114: 2023 | K114: =IF($F114="Hotel",5,IF($F114="Motel",4,IF($F114="Resort",4,IF($F114="Amusement",4,IF($F114="Banquet",3,2)))))+IF($H114>=4,2,IF($H114>=2,1,0))+IF(VALUE($J114)>=2024,2,IF(VALUE($J114)>=2021,1,0)) | L114: =IF($K114>=7,"High",IF($K114>=5,"Medium","Low")) | M114: Map View | N114: New
...

Sheet Summary
A1: Hospitality CLU Leads — Summary
A2: All figures computed live from the Leads sheet (COUNTIFS/SUMIFS).
A4: City | B4: Leads | C4: Acres | D4: Hotel | E4: Motel | F4: Resort | G4: Banquet | H4: Farmhouse | I4: Amusement | J4: Club | K4: High priority
A5: Karnal | B5: =COUNTIF(Leads!$A$2:$A$141,$A5) | C5: =SUMIF(Leads!$A$2:$A$141,$A5,Leads!$H$2:$H$141) | D5: =COUNTIFS(Leads!$A$2:$A$141,$A5,Leads!$F$2:$F$141,"Hotel") | E5: =COUNTIFS(Leads!$A$2:$A$141,$A5,Leads!$F$2:$F$141,"Motel") | F5: =COUNTIFS(Leads!$A$2:$A$141,$A5,Leads!$F$2:$F$141,"Resort") | G5: =COUNTIFS(Leads!$A$2:$A$141,$A5,Leads!$F$2:$F$141,"Banquet") | H5: =COUNTIFS(Leads!$A$2:$A$141,$A5,Leads!$F$2:$F$141,"Farmhouse") | I5: =COUNTIFS(Leads!$A$2:$A$141,$A5,Leads!$F$2:$F$141,"Amusement") | J5: =COUNTIFS(Leads!$A$2:$A$141,$A5,Leads!$F$2:$F$141,"Club") | K5: =COUNTIFS(Leads!$A$2:$A$141,$A5,Leads!$L$2:$L$141,"High")
A6: Panipat | B6: =COUNTIF(Leads!$A$2:$A$141,$A6) | C6: =SUMIF(Leads!$A$2:$A$141,$A6,Leads!$H$2:$H$141) | D6: =COUNTIFS(Leads!$A$2:$A$141,$A6,Leads!$F$2:$F$141,"Hotel") | E6: =COUNTIFS(Leads!$A$2:$A$141,$A6,Leads!$F$2:$F$141,"Motel") | F6: =COUNTIFS(Leads!$A$2:$A$141,$A6,Leads!$F$2:$F$141,"Resort") | G6: =COUNTIFS(Leads!$A$2:$A$141,$A6,Leads!$F$2:$F$141,"Banquet") | H6: =COUNTIFS(Leads!$A$2:$A$141,$A6,Leads!$F$2:$F$141,"Farmhouse") | I6: =COUNTIFS(Leads!$A$2:$A$141,$A6,Leads!$F$2:$F$141,"Amusement") | J6: =COUNTIFS(Leads!$A$2:$A$141,$A6,Leads!$F$2:$F$141,"Club") | K6: =COUNTIFS(Leads!$A$2:$A$141,$A6,Leads!$L$2:$L$141,"High")
A7: Sonipat | B7: =COUNTIF(Leads!$A$2:$A$141,$A7) | C7: =SUMIF(Leads!$A$2:$A$141,$A7,Leads!$H$2:$H$141) | D7: =COUNTIFS(Leads!$A$2:$A$141,$A7,Leads!$F$2:$F$141,"Hotel") | E7: =COUNTIFS(Leads!$A$2:$A$141,$A7,Leads!$F$2:$F$141,"Motel") | F7: =COUNTIFS(Leads!$A$2:$A$141,$A7,Leads!$F$2:$F$141,"Resort") | G7: =COUNTIFS(Leads!$A$2:$A$141,$A7,Leads!$F$2:$F$141,"Banquet") | H7: =COUNTIFS(Leads!$A$2:$A$141,$A7,Leads!$F$2:$F$141,"Farmhouse") | I7: =COUNTIFS(Leads!$A$2:$A$141,$A7,Leads!$F$2:$F$141,"Amusement") | J7: =COUNTIFS(Leads!$A$2:$A$141,$A7,Leads!$F$2:$F$141,"Club") | K7: =COUNTIFS(Leads!$A$2:$A$141,$A7,Leads!$L$2:$L$141,"High")
A8: Rohtak | B8: =COUNTIF(Leads!$A$2:$A$141,$A8) | C8: =SUMIF(Leads!$A$2:$A$141,$A8,Leads!$H$2:$H$141) | D8: =COUNTIFS(Leads!$A$2:$A$141,$A8,Leads!$F$2:$F$141,"Hotel") | E8: =COUNTIFS(Leads!$A$2:$A$141,$A8,Leads!$F$2:$F$141,"Motel") | F8: =COUNTIFS(Leads!$A$2:$A$141,$A8,Leads!$F$2:$F$141,"Resort") | G8: =COUNTIFS(Leads!$A$2:$A$141,$A8,Leads!$F$2:$F$141,"Banquet") | H8: =COUNTIFS(Leads!$A$2:$A$141,$A8,Leads!$F$2:$F$141,"Farmhouse") | I8: =COUNTIFS(Leads!$A$2:$A$141,$A8,Leads!$F$2:$F$141,"Amusement") | J8: =COUNTIFS(Leads!$A$2:$A$141,$A8,Leads!$F$2:$F$141,"Club") | K8: =COUNTIFS(Leads!$A$2:$A$141,$A8,Leads!$L$2:$L$141,"High")
A9: Hisar | B9: =COUNTIF(Leads!$A$2:$A$141,$A9) | C9: =SUMIF(Leads!$A$2:$A$141,$A9,Leads!$H$2:$H$141) | D9: =COUNTIFS(Leads!$A$2:$A$141,$A9,Leads!$F$2:$F$141,"Hotel") | E9: =COUNTIFS(Leads!$A$2:$A$141,$A9,Leads!$F$2:$F$141,"Motel") | F9: =COUNTIFS(Leads!$A$2:$A$141,$A9,Leads!$F$2:$F$141,"Resort") | G9: =COUNTIFS(Leads!$A$2:$A$141,$A9,Leads!$F$2:$F$141,"Banquet") | H9: =COUNTIFS(Leads!$A$2:$A$141,$A9,Leads!$F$2:$F$141,"Farmhouse") | I9: =COUNTIFS(Leads!$A$2:$A$141,$A9,Leads!$F$2:$F$141,"Amusement") | J9: =COUNTIFS(Leads!$A$2:$A$141,$A9,Leads!$F$2:$F$141,"Club") | K9: =COUNTIFS(Leads!$A$2:$A$141,$A9,Leads!$L$2:$L$141,"High")
A10: Ambala | B10: =COUNTIF(Leads!$A$2:$A$141,$A10) | C10: =SUMIF(Leads!$A$2:$A$141,$A10,Leads!$H$2:$H$141) | D10: =COUNTIFS(Leads!$A$2:$A$141,$A10,Leads!$F$2:$F$141,"Hotel") | E10: =COUNTIFS(Leads!$A$2:$A$141,$A10,Leads!$F$2:$F$141,"Motel") | F10: =COUNTIFS(Leads!$A$2:$A$141,$A10,Leads!$F$2:$F$141,"Resort") | G10: =COUNTIFS(Leads!$A$2:$A$141,$A10,Leads!$F$2:$F$141,"Banquet") | H10: =COUNTIFS(Leads!$A$2:$A$141,$A10,Leads!$F$2:$F$141,"Farmhouse") | I10: =COUNTIFS(Leads!$A$2:$A$141,$A10,Leads!$F$2:$F$141,"Amusement") | J10: =COUNTIFS(Leads!$A$2:$A$141,$A10,Leads!$F$2:$F$141,"Club") | K10: =COUNTIFS(Leads!$A$2:$A$141,$A10,Leads!$L$2:$L$141,"High")
A11: Kurukshetra | B11: =COUNTIF(Leads!$A$2:$A$141,$A11) | C11: =SUMIF(Leads!$A$2:$A$141,$A11,Leads!$H$2:$H$141) | D11: =COUNTIFS(Leads!$A$2:$A$141,$A11,Leads!$F$2:$F$141,"Hotel") | E11: =COUNTIFS(Leads!$A$2:$A$141,$A11,Leads!$F$2:$F$141,"Motel") | F11: =COUNTIFS(Leads!$A$2:$A$141,$A11,Leads!$F$2:$F$141,"Resort") | G11: =COUNTIFS(Leads!$A$2:$A$141,$A11,Leads!$F$2:$F$141,"Banquet") | H11: =COUNTIFS(Leads!$A$2:$A$141,$A11,Leads!$F$2:$F$141,"Farmhouse") | I11: =COUNTIFS(Leads!$A$2:$A$141,$A11,Leads!$F$2:$F$141,"Amusement") | J11: =COUNTIFS(Leads!$A$2:$A$141,$A11,Leads!$F$2:$F$141,"Club") | K11: =COUNTIFS(Leads!$A$2:$A$141,$A11,Leads!$L$2:$L$141,"High")
A12: Total | B12: =SUM(B5:B11) | C12: =SUM(C5:C11) | D12: =SUM(D5:D11) | E12: =SUM(E5:E11) | F12: =SUM(F5:F11) | G12: =SUM(G5:G11) | H12: =SUM(H5:H11) | I12: =SUM(I5:I11) | ... K12: =SUM(K5:K11)
A15: How to use this file
A16: Yellow-header columns on the Leads sheet (Status, Owner/Contact, Phone/Email, Next Step, Notes) are yours to fill in; every other column is source data — do not edit.
A17: Status values suggested: New / Researching / Contacted / Meeting / Dead. Example: Status=Contacted, Owner=Deventure Hotels front office, Phone=via site visit, Next Step=Site meeting w/ Taran, Notes=open to flag talks.
A18: Priority Score (col K) = category weight (Hotel 5, Motel/Resort/Amusement 4, Banquet 3, Farmhouse/Club 2) + size bonus (>=4 ac +2, >=2 ac +1) + recency (2024+ +2, 2021+ +1). Band: High >=7, Medium 5-6, Low <5. Assumption made by Caspar analysis, not from any external source.
A19: Map (GIS) links open the parcel's boundary on DTCP Haryana's official map (tcpharyana.gov.in).
A20: Source: DTCP Haryana CLU year-registers 2017-2026 (tcpharyana.gov.in/WebAdmin/clu/index?id=YYYY), scraped Aug 13, 2026, filtered to hotel/motel/resort/banquet/farmhouse/amusement/club activities.
